"id","object_id","object_repr","action_flag","change_message","content_type_id","user_id","action_time"
"1","1","Gabon (Gb)","1","[{""added"": {}}]","7","1","2025-10-10 08:56:24.543156"
"2","1","Maison du Potier","1","[{""added"": {}}]","8","1","2025-10-10 10:12:46.411888"
"3","1","Réunion de prière","1","[{""added"": {}}]","9","1","2025-10-10 10:29:25.511958"
"4","1","Intercession @ Maison du Potier","1","[{""added"": {}}]","10","1","2025-10-10 10:31:18.253031"
"5","1","Hermann BOUKOU","1","[{""added"": {}}]","11","1","2025-10-10 10:53:59.937820"
"6","1","Délégué Pastoral","1","[{""added"": {}}]","12","1","2025-10-10 11:12:59.822709"
"7","1","Anciens (Maison du Potier)","1","[{""added"": {}}, {""added"": {""name"": ""Membre de d\u00e9partement"", ""object"": ""Hermann BOUKOU - Anciens (D\u00e9l\u00e9gu\u00e9 Pastoral)""}}]","13","1","2025-10-10 11:15:08.561607"
"8","2","Pasteur","1","[{""added"": {}}]","12","1","2025-10-10 11:15:40.789361"
"9","3","Diacre","1","[{""added"": {}}]","12","1","2025-10-10 11:16:46.757826"
"10","4","Responsable","1","[{""added"": {}}]","12","1","2025-10-10 11:17:26.390998"
"11","5","Ancien","1","[{""added"": {}}]","12","1","2025-10-10 11:19:05.539986"
"12","6","Pasteur laïc","1","[{""added"": {}}]","12","1","2025-10-10 11:19:42.686525"
"13","1","Dîmes","1","[{""added"": {}}]","15","1","2025-10-10 11:36:17.584421"
"14","2","Offrandes","1","[{""added"": {}}]","15","1","2025-10-10 11:36:38.415259"
"15","3","Dons","1","[{""added"": {}}]","15","1","2025-10-10 11:37:05.578806"
"16","1","Espèces","1","[{""added"": {}}]","16","1","2025-10-10 11:38:24.859239"
"17","2","Mobile Money","1","[{""added"": {}}]","16","1","2025-10-10 11:38:54.299541"
"18","3","Chèque","1","[{""added"": {}}]","16","1","2025-10-10 11:39:22.363066"
"19","4","Virement bancaire","1","[{""added"": {}}]","16","1","2025-10-10 11:40:12.670790"
"20","1","Pasteur","1","[{""added"": {}}]","3","1","2025-10-10 11:54:12.636256"
"21","2","Financier","1","[{""added"": {}}]","3","1","2025-10-10 11:56:08.845263"
"22","3","Secretaire","1","[{""added"": {}}]","3","1","2025-10-10 11:58:54.870151"
"23","4","Responsable","1","[{""added"": {}}]","3","1","2025-10-10 11:59:51.447052"
